2019-10-27 10:29:10,392 , mylog, <module>, DEBUG, 10, Logging Started, /home/shiva/p/pro/SocketChat/mylog.py, MainProcess, 744 
2019-10-27 10:29:14,551 , mylog, <module>, DEBUG, 10, Logging Started, /home/shiva/p/pro/SocketChat/mylog.py, MainProcess, 996 
2019-10-27 10:29:14,551 , client, connect, DEBUG, 10, Connecting..., client.py, MainProcess, 996 
2019-10-27 10:29:14,561 , client, connect, DEBUG, 10, I'm connected!, client.py, MainProcess, 1006 
2019-10-27 10:29:14,569 , server, user_uttered, INFO, 20, User : bye, server.py, MainProcess, 4921 
2019-10-27 10:29:14,569 , server, send_msg, INFO, 20, Bot : BYE, server.py, MainProcess, 4921 
2019-10-27 10:29:14,612 , client, on_bot_msg, INFO, 20, Bot: BYE, client.py, MainProcess, 1057 
2019-10-27 10:29:18,419 , client, <module>, INFO, 20, User: hello, client.py, MainProcess, 4864 
2019-10-27 10:29:18,421 , server, user_uttered, INFO, 20, User : hello, server.py, MainProcess, 8773 
2019-10-27 10:29:18,421 , server, send_msg, INFO, 20, Bot : HELLO, server.py, MainProcess, 8773 
2019-10-27 10:29:18,422 , client, on_bot_msg, INFO, 20, Bot: HELLO, client.py, MainProcess, 4867 
2019-10-27 10:29:23,312 , client, <module>, INFO, 20, User: hello world, client.py, MainProcess, 9757 
2019-10-27 10:29:23,314 , server, user_uttered, INFO, 20, User : hello world, server.py, MainProcess, 13666 
2019-10-27 10:29:23,314 , server, send_msg, INFO, 20, Bot : HELLO WORLD, server.py, MainProcess, 13666 
2019-10-27 10:29:23,315 , client, on_bot_msg, INFO, 20, Bot: HELLO WORLD, client.py, MainProcess, 9760 
2019-10-27 10:29:56,460 , client, disconnect, DEBUG, 10, I'm disconnected!, client.py, MainProcess, 42904 
2019-10-27 10:29:59,874 , mylog, <module>, DEBUG, 10, Logging Started, /home/shiva/p/pro/SocketChat/mylog.py, MainProcess, 831 
2019-10-27 10:30:03,631 , mylog, <module>, DEBUG, 10, Logging Started, /home/shiva/p/pro/SocketChat/mylog.py, MainProcess, 896 
2019-10-27 10:30:03,631 , client, connect, DEBUG, 10, Connecting..., client.py, MainProcess, 896 
2019-10-27 10:30:03,642 , client, connect, DEBUG, 10, I'm connected!, client.py, MainProcess, 907 
2019-10-27 10:30:03,653 , server, user_uttered, DEBUG, 10, User : bye, server.py, MainProcess, 4610 
2019-10-27 10:30:03,653 , server, send_msg, INFO, 20, Bot : BYE, server.py, MainProcess, 4610 
2019-10-27 10:30:03,654 , client, on_bot_msg, INFO, 20, Bot: BYE, client.py, MainProcess, 919 
2019-10-27 10:30:08,456 , client, <module>, DEBUG, 10, User: hi, client.py, MainProcess, 5720 
2019-10-27 10:30:08,457 , server, user_uttered, DEBUG, 10, User : hi, server.py, MainProcess, 9414 
2019-10-27 10:30:08,457 , server, send_msg, INFO, 20, Bot : HI, server.py, MainProcess, 9414 
2019-10-27 10:30:08,459 , client, on_bot_msg, INFO, 20, Bot: HI, client.py, MainProcess, 5724 
2019-10-27 10:30:09,699 , client, <module>, DEBUG, 10, User: bye, client.py, MainProcess, 6964 
2019-10-27 10:30:09,701 , server, user_uttered, DEBUG, 10, User : bye, server.py, MainProcess, 10658 
2019-10-27 10:30:09,701 , server, send_msg, INFO, 20, Bot : BYE, server.py, MainProcess, 10658 
2019-10-27 10:30:09,703 , client, on_bot_msg, INFO, 20, Bot: BYE, client.py, MainProcess, 6968 
2019-10-27 10:30:13,766 , client, <module>, DEBUG, 10, User: chalo milte hai\, client.py, MainProcess, 11031 
2019-10-27 10:30:13,767 , server, user_uttered, DEBUG, 10, User : chalo milte hai\, server.py, MainProcess, 14724 
2019-10-27 10:30:13,768 , server, send_msg, INFO, 20, Bot : CHALO MILTE HAI\, server.py, MainProcess, 14724 
2019-10-27 10:30:13,769 , client, on_bot_msg, INFO, 20, Bot: CHALO MILTE HAI\, client.py, MainProcess, 11034 
2019-10-27 10:30:45,237 , client, disconnect, DEBUG, 10, I'm disconnected!, client.py, MainProcess, 42502 
2019-10-27 11:09:58,760 , mylog, <module>, DEBUG, 10, Logging Started, /home/shiva/p/pro/SocketChat/mylog.py, MainProcess, 55489 
2019-10-27 11:12:48,276 , mylog, <module>, DEBUG, 10, Logging Started, /home/shiva/p/pro/SocketChat/mylog.py, MainProcess, 8345 
2019-10-27 11:12:48,294 , client, connect, DEBUG, 10, Connecting..., client.py, MainProcess, 8363 
2019-10-27 11:12:48,743 , client, connect, DEBUG, 10, I'm connected!, client.py, MainProcess, 8812 
2019-10-27 11:12:48,794 , server, user_uttered, DEBUG, 10, User : {'sender_id': 'shivam', 'message': 'bye', 'session_id': '20598faa8c39491c94dd857289df329c'}, server.py, MainProcess, 225524 
2019-10-27 11:12:55,388 , client, <module>, DEBUG, 10, User: hello, client.py, MainProcess, 15457 
2019-10-27 11:12:55,390 , server, user_uttered, DEBUG, 10, User : {'sender_id': 'shivam', 'message': 'hello', 'session_id': '20598faa8c39491c94dd857289df329c'}, server.py, MainProcess, 232119 
2019-10-27 11:12:57,131 , client, <module>, DEBUG, 10, User: hi, client.py, MainProcess, 17200 
2019-10-27 11:12:57,133 , server, user_uttered, DEBUG, 10, User : {'sender_id': 'shivam', 'message': 'hi', 'session_id': '20598faa8c39491c94dd857289df329c'}, server.py, MainProcess, 233862 
2019-10-27 11:12:59,026 , client, <module>, DEBUG, 10, User: hi, client.py, MainProcess, 19095 
2019-10-27 11:12:59,028 , server, user_uttered, DEBUG, 10, User : {'sender_id': 'shivam', 'message': 'hi', 'session_id': '20598faa8c39491c94dd857289df329c'}, server.py, MainProcess, 235757 
2019-10-27 11:13:01,489 , client, <module>, DEBUG, 10, User: ok, client.py, MainProcess, 21558 
2019-10-27 11:13:01,492 , server, user_uttered, DEBUG, 10, User : {'sender_id': 'shivam', 'message': 'ok', 'session_id': '20598faa8c39491c94dd857289df329c'}, server.py, MainProcess, 238221 
2019-10-27 11:13:08,133 , client, disconnect, DEBUG, 10, I'm disconnected!, client.py, MainProcess, 28202 
2019-10-27 11:14:02,319 , mylog, <module>, DEBUG, 10, Logging Started, /home/shiva/p/pro/SocketChat/mylog.py, MainProcess, 763 
2019-10-27 11:14:04,827 , mylog, <module>, DEBUG, 10, Logging Started, /home/shiva/p/pro/SocketChat/mylog.py, MainProcess, 859 
2019-10-27 11:14:04,827 , client, connect, DEBUG, 10, Connecting..., client.py, MainProcess, 859 
2019-10-27 11:14:04,837 , client, connect, DEBUG, 10, I'm connected!, client.py, MainProcess, 868 
2019-10-27 11:14:14,140 , client, disconnect, DEBUG, 10, I'm disconnected!, client.py, MainProcess, 10172 
2019-10-27 11:14:28,618 , mylog, <module>, DEBUG, 10, Logging Started, /home/shiva/p/pro/SocketChat/mylog.py, MainProcess, 863 
2019-10-27 11:14:30,350 , mylog, <module>, DEBUG, 10, Logging Started, /home/shiva/p/pro/SocketChat/mylog.py, MainProcess, 848 
2019-10-27 11:14:30,351 , client, connect, DEBUG, 10, Connecting..., client.py, MainProcess, 849 
2019-10-27 11:14:30,360 , client, connect, DEBUG, 10, I'm connected!, client.py, MainProcess, 858 
2019-10-27 11:14:30,368 , server, user_uttered, DEBUG, 10, User : {'sender_id': 'shivam', 'message': 'bye', 'session_id': 'bab2d5e4cf57443282ee8dfa6390ada8'}, server.py, MainProcess, 2613 
2019-10-27 11:15:33,305 , client, disconnect, DEBUG, 10, I'm disconnected!, client.py, MainProcess, 63803 
2019-10-27 11:15:39,997 , mylog, <module>, DEBUG, 10, Logging Started, /home/shiva/p/pro/SocketChat/mylog.py, MainProcess, 752 
2019-10-27 11:15:41,591 , mylog, <module>, DEBUG, 10, Logging Started, /home/shiva/p/pro/SocketChat/mylog.py, MainProcess, 831 
2019-10-27 11:15:41,592 , client, connect, DEBUG, 10, Connecting..., client.py, MainProcess, 832 
2019-10-27 11:15:41,602 , client, connect, DEBUG, 10, I'm connected!, client.py, MainProcess, 841 
2019-10-27 11:15:41,610 , server, user_uttered, DEBUG, 10, User : {'sender_id': 'shivam', 'message': 'bye', 'session_id': 'ad129610b6ae40ef9815825d3c4d3ec6'}, server.py, MainProcess, 2364 
2019-10-27 11:15:41,612 , server, send_msg, INFO, 20, Bot : {'sender_id': 'shivam', 'message': 'bye', 'session_id': 'ad129610b6ae40ef9815825d3c4d3ec6'}, server.py, MainProcess, 2366 
2019-10-27 11:15:41,613 , client, on_bot_msg, INFO, 20, Bot: {'sender_id': 'shivam', 'message': 'bye', 'session_id': 'ad129610b6ae40ef9815825d3c4d3ec6'}, client.py, MainProcess, 852 
2019-10-27 11:15:44,303 , client, <module>, DEBUG, 10, User: hi, client.py, MainProcess, 3543 
2019-10-27 11:15:44,305 , server, user_uttered, DEBUG, 10, User : {'sender_id': 'shivam', 'message': 'hi', 'session_id': 'ad129610b6ae40ef9815825d3c4d3ec6'}, server.py, MainProcess, 5059 
2019-10-27 11:15:44,305 , server, send_msg, INFO, 20, Bot : {'sender_id': 'shivam', 'message': 'hi', 'session_id': 'ad129610b6ae40ef9815825d3c4d3ec6'}, server.py, MainProcess, 5059 
2019-10-27 11:15:44,306 , client, on_bot_msg, INFO, 20, Bot: {'sender_id': 'shivam', 'message': 'hi', 'session_id': 'ad129610b6ae40ef9815825d3c4d3ec6'}, client.py, MainProcess, 3546 
2019-10-27 11:15:46,350 , client, <module>, DEBUG, 10, User: hello, client.py, MainProcess, 5590 
2019-10-27 11:15:46,352 , server, user_uttered, DEBUG, 10, User : {'sender_id': 'shivam', 'message': 'hello', 'session_id': 'ad129610b6ae40ef9815825d3c4d3ec6'}, server.py, MainProcess, 7106 
2019-10-27 11:15:46,352 , server, send_msg, INFO, 20, Bot : {'sender_id': 'shivam', 'message': 'hello', 'session_id': 'ad129610b6ae40ef9815825d3c4d3ec6'}, server.py, MainProcess, 7107 
2019-10-27 11:15:46,353 , client, on_bot_msg, INFO, 20, Bot: {'sender_id': 'shivam', 'message': 'hello', 'session_id': 'ad129610b6ae40ef9815825d3c4d3ec6'}, client.py, MainProcess, 5593 
2019-10-27 11:15:51,677 , client, <module>, DEBUG, 10, User: kya haal chal, client.py, MainProcess, 10917 
2019-10-27 11:15:51,679 , server, user_uttered, DEBUG, 10, User : {'sender_id': 'shivam', 'message': 'kya haal chal', 'session_id': 'ad129610b6ae40ef9815825d3c4d3ec6'}, server.py, MainProcess, 12434 
2019-10-27 11:15:51,680 , server, send_msg, INFO, 20, Bot : {'sender_id': 'shivam', 'message': 'kya haal chal', 'session_id': 'ad129610b6ae40ef9815825d3c4d3ec6'}, server.py, MainProcess, 12434 
2019-10-27 11:15:51,681 , client, on_bot_msg, INFO, 20, Bot: {'sender_id': 'shivam', 'message': 'kya haal chal', 'session_id': 'ad129610b6ae40ef9815825d3c4d3ec6'}, client.py, MainProcess, 10921 
2019-10-27 11:16:28,785 , client, disconnect, DEBUG, 10, I'm disconnected!, client.py, MainProcess, 48025 
2019-10-27 11:16:35,869 , mylog, <module>, DEBUG, 10, Logging Started, /home/shiva/p/pro/SocketChat/mylog.py, MainProcess, 725 
2019-10-27 11:16:40,557 , mylog, <module>, DEBUG, 10, Logging Started, /home/shiva/p/pro/SocketChat/mylog.py, MainProcess, 856 
2019-10-27 11:16:40,558 , client, connect, DEBUG, 10, Connecting..., client.py, MainProcess, 857 
2019-10-27 11:16:40,568 , client, connect, DEBUG, 10, I'm connected!, client.py, MainProcess, 868 
2019-10-27 11:16:40,580 , server, user_uttered, DEBUG, 10, User : {'sender_id': 'shivam', 'message': 'bye', 'session_id': 'a50fcc94c5f64a06bb9bede4ef603207'}, server.py, MainProcess, 5435 
2019-10-27 11:16:40,580 , server, send_msg, INFO, 20, Bot : {'sender_id': 'shivam', 'message': 'bye', 'session_id': 'a50fcc94c5f64a06bb9bede4ef603207'}, server.py, MainProcess, 5436 
2019-10-27 11:16:40,581 , client, on_bot_msg, INFO, 20, Bot: {'sender_id': 'shivam', 'message': 'bye', 'session_id': 'a50fcc94c5f64a06bb9bede4ef603207'}, client.py, MainProcess, 880 
2019-10-27 11:16:52,349 , client, disconnect, DEBUG, 10, I'm disconnected!, client.py, MainProcess, 12649 
2019-10-27 11:17:02,165 , mylog, <module>, DEBUG, 10, Logging Started, /home/shiva/p/pro/SocketChat/mylog.py, MainProcess, 783 
2019-10-27 11:50:23,278 , mylog, <module>, DEBUG, 10, Logging Started, /home/shiva/p/pro/SocketChat/mylog.py, MainProcess, 1477 
2019-10-27 11:50:23,278 , mylog, <module>, DEBUG, 10, Logging Started, /home/shiva/p/pro/SocketChat/mylog.py, MainProcess, 4832 
2019-10-27 11:50:23,292 , client, connect, DEBUG, 10, Connecting..., client.py, MainProcess, 1491 
2019-10-27 11:50:24,898 , server, send_msg, INFO, 20, Bot : You are Connected, server.py, MainProcess, 6452 
2019-10-27 11:50:29,474 , mylog, <module>, DEBUG, 10, Logging Started, /home/shiva/p/pro/SocketChat/mylog.py, MainProcess, 880 
2019-10-27 11:50:29,475 , client, connect, DEBUG, 10, Connecting..., client.py, MainProcess, 880 
2019-10-27 11:50:29,480 , server, send_msg, INFO, 20, Bot : You are Connected, server.py, MainProcess, 11034 
2019-10-27 11:50:29,482 , client, on_bot_msg, INFO, 20, Bot: You are Connected, client.py, MainProcess, 887 
2019-10-27 11:50:29,482 , client, connect, DEBUG, 10, I'm connected!, client.py, MainProcess, 888 
2019-10-27 11:50:29,519 , server, user_uttered, DEBUG, 10, User : {'sender_id': 'shivam', 'message': 'bye', 'session_id': '69eec0ac7c8542e4970f3869c8b091d0'}, server.py, MainProcess, 11073 
2019-10-27 11:50:29,519 , server, send_msg, INFO, 20, Bot : {'sender_id': 'shivam', 'message': 'bye', 'session_id': '69eec0ac7c8542e4970f3869c8b091d0'}, server.py, MainProcess, 11073 
2019-10-27 11:50:29,522 , client, on_bot_msg, INFO, 20, Bot: {'sender_id': 'shivam', 'message': 'bye', 'session_id': '69eec0ac7c8542e4970f3869c8b091d0'}, client.py, MainProcess, 928 
2019-10-27 11:50:55,647 , client, disconnect, DEBUG, 10, I'm disconnected!, client.py, MainProcess, 27053 
2019-10-27 11:51:11,882 , server, send_msg, INFO, 20, Bot : You are Connected, server.py, MainProcess, 53436 
2019-10-27 11:52:17,290 , mylog, <module>, DEBUG, 10, Logging Started, /home/shiva/p/pro/SocketChat/mylog.py, MainProcess, 4064 
2019-10-27 11:52:24,101 , server, send_msg, INFO, 20, Bot : You are Connected, server.py, MainProcess, 10874 
2019-10-27 11:53:17,327 , server, send_msg, INFO, 20, Bot : You are Connected, server.py, MainProcess, 64100 
2019-10-27 11:55:14,399 , server, send_msg, INFO, 20, Bot : You are Connected, server.py, MainProcess, 181173 
2019-10-27 12:49:09,209 , mylog, <module>, DEBUG, 10, Logging Started, /home/shiva/p/pro/SocketChat/mylog.py, MainProcess, 3453 
2019-10-27 12:49:24,268 , mylog, <module>, DEBUG, 10, Logging Started, /home/shiva/p/pro/SocketChat/mylog.py, MainProcess, 823 
2019-10-27 12:49:24,269 , client, connect, DEBUG, 10, Connecting..., client.py, MainProcess, 823 
2019-10-27 12:49:24,287 , server, send_msg, INFO, 20, Bot : You are Connected, server.py, MainProcess, 18532 
2019-10-27 12:49:24,290 , client, on_bot_msg, INFO, 20, Bot: You are Connected, client.py, MainProcess, 844 
2019-10-27 12:49:24,290 , client, connect, DEBUG, 10, I'm connected!, client.py, MainProcess, 845 
2019-10-27 12:49:24,335 , server, on_join, INFO, 20, User joined: a1e75251d06c4f5389b0bb5220b4dfa4, server.py, MainProcess, 18579 
2019-10-27 12:49:24,337 , server, user_uttered, DEBUG, 10, User : {'sender_id': 'shivam', 'message': 'bye', 'session_id': 'a1e75251d06c4f5389b0bb5220b4dfa4'}, server.py, MainProcess, 18581 
2019-10-27 12:49:24,337 , server, send_msg, INFO, 20, Bot : {'sender_id': 'shivam', 'message': 'bye', 'session_id': 'a1e75251d06c4f5389b0bb5220b4dfa4'}, server.py, MainProcess, 18581 
2019-10-27 12:49:24,338 , client, on_join, INFO, 20, a1e75251d06c4f5389b0bb5220b4dfa4 has joined, client.py, MainProcess, 892 
2019-10-27 12:49:24,379 , client, on_bot_msg, INFO, 20, Bot: {'sender_id': 'shivam', 'message': 'bye', 'session_id': 'a1e75251d06c4f5389b0bb5220b4dfa4'}, client.py, MainProcess, 934 
2019-10-27 12:50:23,505 , client, disconnect, DEBUG, 10, I'm disconnected!, client.py, MainProcess, 60060 
2019-10-27 12:50:26,132 , mylog, <module>, DEBUG, 10, Logging Started, /home/shiva/p/pro/SocketChat/mylog.py, MainProcess, 749 
2019-10-27 12:50:29,353 , mylog, <module>, DEBUG, 10, Logging Started, /home/shiva/p/pro/SocketChat/mylog.py, MainProcess, 850 
2019-10-27 12:50:29,353 , client, connect, DEBUG, 10, Connecting..., client.py, MainProcess, 850 
2019-10-27 12:50:29,361 , server, send_msg, INFO, 20, Bot : You are Connected, server.py, MainProcess, 3979 
2019-10-27 12:50:29,363 , client, on_bot_msg, INFO, 20, Bot: You are Connected, client.py, MainProcess, 860 
2019-10-27 12:50:29,364 , client, connect, DEBUG, 10, I'm connected!, client.py, MainProcess, 861 
2019-10-27 12:50:29,374 , server, user_uttered, DEBUG, 10, User : {'sender_id': 'shivam', 'message': 'bye', 'session_id': '2eb3685c91924ca59159b6c9bc863000'}, server.py, MainProcess, 3991 
2019-10-27 12:50:29,374 , server, send_msg, INFO, 20, Bot : {'sender_id': 'shivam', 'message': 'bye', 'session_id': '2eb3685c91924ca59159b6c9bc863000'}, server.py, MainProcess, 3992 
2019-10-27 12:50:29,375 , client, on_bot_msg, INFO, 20, Bot: {'sender_id': 'shivam', 'message': 'bye', 'session_id': '2eb3685c91924ca59159b6c9bc863000'}, client.py, MainProcess, 872 
2019-10-27 12:50:29,377 , server, on_join, INFO, 20, User joined: 2eb3685c91924ca59159b6c9bc863000, server.py, MainProcess, 3994 
2019-10-27 12:50:29,378 , client, on_join, INFO, 20, 2eb3685c91924ca59159b6c9bc863000 has joined, client.py, MainProcess, 874 
2019-10-27 12:51:09,431 , client, disconnect, DEBUG, 10, I'm disconnected!, client.py, MainProcess, 40927 
2019-10-27 12:51:15,603 , mylog, <module>, DEBUG, 10, Logging Started, /home/shiva/p/pro/SocketChat/mylog.py, MainProcess, 745 
2019-10-27 12:51:18,434 , mylog, <module>, DEBUG, 10, Logging Started, /home/shiva/p/pro/SocketChat/mylog.py, MainProcess, 819 
2019-10-27 12:51:18,434 , client, connect, DEBUG, 10, Connecting..., client.py, MainProcess, 820 
2019-10-27 12:51:24,397 , mylog, <module>, DEBUG, 10, Logging Started, /home/shiva/p/pro/SocketChat/mylog.py, MainProcess, 846 
2019-10-27 12:51:24,397 , client, connect, DEBUG, 10, Connecting..., client.py, MainProcess, 847 
2019-10-27 12:51:34,148 , mylog, <module>, DEBUG, 10, Logging Started, /home/shiva/p/pro/SocketChat/mylog.py, MainProcess, 837 
2019-10-27 12:51:34,149 , client, connect, DEBUG, 10, Connecting..., client.py, MainProcess, 837 
2019-10-27 12:51:37,794 , mylog, <module>, DEBUG, 10, Logging Started, /home/shiva/p/pro/SocketChat/mylog.py, MainProcess, 851 
2019-10-27 12:51:41,551 , mylog, <module>, DEBUG, 10, Logging Started, /home/shiva/p/pro/SocketChat/mylog.py, MainProcess, 817 
2019-10-27 12:51:41,551 , client, connect, DEBUG, 10, Connecting..., client.py, MainProcess, 817 
2019-10-27 12:51:41,558 , server, send_msg, INFO, 20, Bot : You are Connected, server.py, MainProcess, 4614 
2019-10-27 12:51:41,560 , client, on_bot_msg, INFO, 20, Bot: You are Connected, client.py, MainProcess, 827 
2019-10-27 12:51:41,561 , client, connect, DEBUG, 10, I'm connected!, client.py, MainProcess, 827 
2019-10-27 12:51:41,569 , server, user_uttered, DEBUG, 10, User : {'sender_id': 'shivam', 'message': 'bye', 'session_id': '9dbfe5874a8b4d87bc061cdd35e811ab'}, server.py, MainProcess, 4626 
2019-10-27 12:51:41,570 , server, send_msg, INFO, 20, Bot : {'sender_id': 'shivam', 'message': 'bye', 'session_id': '9dbfe5874a8b4d87bc061cdd35e811ab'}, server.py, MainProcess, 4626 
2019-10-27 12:51:41,571 , client, on_bot_msg, INFO, 20, Bot: {'sender_id': 'shivam', 'message': 'bye', 'session_id': '9dbfe5874a8b4d87bc061cdd35e811ab'}, client.py, MainProcess, 837 
2019-10-27 12:51:41,572 , server, on_join, INFO, 20, User joined: 9dbfe5874a8b4d87bc061cdd35e811ab, server.py, MainProcess, 4629 
2019-10-27 12:51:41,573 , client, on_join, INFO, 20, 9dbfe5874a8b4d87bc061cdd35e811ab has joined, client.py, MainProcess, 840 
2019-10-27 12:52:07,580 , client, disconnect, DEBUG, 10, I'm disconnected!, client.py, MainProcess, 26847 
2019-10-27 12:52:10,205 , mylog, <module>, DEBUG, 10, Logging Started, /home/shiva/p/pro/SocketChat/mylog.py, MainProcess, 806 
2019-10-27 12:52:10,278 , server, connect, INFO, 20, User Connected: a1a1d3a5847140b28fee2ffad2350e12, server.py, MainProcess, 879 
2019-10-27 12:52:10,279 , server, send_msg, INFO, 20, Bot : You are Connected, server.py, MainProcess, 879 
2019-10-27 12:52:10,281 , client, on_bot_msg, INFO, 20, Bot: You are Connected, client.py, MainProcess, 29548 
2019-10-27 12:52:10,282 , client, connect, DEBUG, 10, I'm connected!, client.py, MainProcess, 29548 
2019-10-27 12:52:10,288 , server, on_join, INFO, 20, User joined: a1a1d3a5847140b28fee2ffad2350e12, server.py, MainProcess, 889 
2019-10-27 12:52:10,290 , client, on_join, INFO, 20, a1a1d3a5847140b28fee2ffad2350e12 has joined, client.py, MainProcess, 29557 
2019-10-27 12:52:10,681 , client, disconnect, DEBUG, 10, I'm disconnected!, client.py, MainProcess, 29947 
2019-10-27 12:52:13,300 , mylog, <module>, DEBUG, 10, Logging Started, /home/shiva/p/pro/SocketChat/mylog.py, MainProcess, 831 
2019-10-27 12:52:13,300 , client, connect, DEBUG, 10, Connecting..., client.py, MainProcess, 831 
2019-10-27 12:52:13,305 , server, connect, INFO, 20, User Connected: aa9f1c8a612241fb8b3052a5de21367f, server.py, MainProcess, 3906 
2019-10-27 12:52:13,305 , server, send_msg, INFO, 20, Bot : You are Connected, server.py, MainProcess, 3906 
2019-10-27 12:52:13,307 , client, on_bot_msg, INFO, 20, Bot: You are Connected, client.py, MainProcess, 838 
2019-10-27 12:52:13,308 , client, connect, DEBUG, 10, I'm connected!, client.py, MainProcess, 839 
2019-10-27 12:52:13,319 , server, on_join, INFO, 20, User joined: aa9f1c8a612241fb8b3052a5de21367f, server.py, MainProcess, 3920 
2019-10-27 12:52:13,320 , server, user_uttered, DEBUG, 10, User : {'sender_id': 'shivam', 'message': 'bye', 'session_id': 'aa9f1c8a612241fb8b3052a5de21367f'}, server.py, MainProcess, 3921 
2019-10-27 12:52:13,321 , server, send_msg, INFO, 20, Bot : {'sender_id': 'shivam', 'message': 'bye', 'session_id': 'aa9f1c8a612241fb8b3052a5de21367f'}, server.py, MainProcess, 3922 
2019-10-27 12:52:13,321 , client, on_join, INFO, 20, aa9f1c8a612241fb8b3052a5de21367f has joined, client.py, MainProcess, 852 
2019-10-27 12:52:13,363 , client, on_bot_msg, INFO, 20, Bot: {'sender_id': 'shivam', 'message': 'bye', 'session_id': 'aa9f1c8a612241fb8b3052a5de21367f'}, client.py, MainProcess, 894 
2019-10-27 12:52:40,076 , client, disconnect, DEBUG, 10, I'm disconnected!, client.py, MainProcess, 27607 
2019-10-27 12:52:42,853 , mylog, <module>, DEBUG, 10, Logging Started, /home/shiva/p/pro/SocketChat/mylog.py, MainProcess, 789 
2019-10-27 12:52:42,984 , server, connect, INFO, 20, User Connected: fdb3fc995dae4ee386fe2da85513d724, server.py, MainProcess, 920 
2019-10-27 12:52:42,984 , server, send_msg, INFO, 20, Bot : You are Connected, server.py, MainProcess, 920 
2019-10-27 12:52:42,987 , client, on_bot_msg, INFO, 20, Bot: You are Connected, client.py, MainProcess, 30517 
2019-10-27 12:52:42,987 , client, connect, DEBUG, 10, I'm connected!, client.py, MainProcess, 30518 
2019-10-27 12:52:42,993 , server, on_join, INFO, 20, User joined: fdb3fc995dae4ee386fe2da85513d724, server.py, MainProcess, 928 
2019-10-27 12:52:42,994 , client, on_join, INFO, 20, fdb3fc995dae4ee386fe2da85513d724 has joined, client.py, MainProcess, 30525 
2019-10-27 12:52:43,633 , client, disconnect, DEBUG, 10, I'm disconnected!, client.py, MainProcess, 31163 
2019-10-27 12:52:43,634 , server, disconnect, INFO, 20, User Disconnected: fdb3fc995dae4ee386fe2da85513d724, server.py, MainProcess, 1569 
2019-10-27 12:52:49,033 , mylog, <module>, DEBUG, 10, Logging Started, /home/shiva/p/pro/SocketChat/mylog.py, MainProcess, 819 
2019-10-27 12:52:49,034 , client, connect, DEBUG, 10, Connecting..., client.py, MainProcess, 819 
2019-10-27 12:52:49,038 , server, connect, INFO, 20, User Connected: 824c7c357c514e15b0f02754b5f890ff, server.py, MainProcess, 6974 
2019-10-27 12:52:49,039 , server, send_msg, INFO, 20, Bot : You are Connected, server.py, MainProcess, 6974 
2019-10-27 12:52:49,040 , client, on_bot_msg, INFO, 20, Bot: You are Connected, client.py, MainProcess, 826 
2019-10-27 12:52:49,041 , client, connect, DEBUG, 10, I'm connected!, client.py, MainProcess, 827 
2019-10-27 12:52:49,049 , server, on_join, INFO, 20, User joined: 824c7c357c514e15b0f02754b5f890ff, server.py, MainProcess, 6984 
2019-10-27 12:52:49,050 , server, user_uttered, DEBUG, 10, User : {'sender_id': 'shivam', 'message': 'bye', 'session_id': '824c7c357c514e15b0f02754b5f890ff'}, server.py, MainProcess, 6986 
2019-10-27 12:52:49,050 , server, send_msg, INFO, 20, Bot : {'sender_id': 'shivam', 'message': 'bye', 'session_id': '824c7c357c514e15b0f02754b5f890ff'}, server.py, MainProcess, 6986 
2019-10-27 12:52:49,050 , client, on_join, INFO, 20, 824c7c357c514e15b0f02754b5f890ff has joined, client.py, MainProcess, 836 
2019-10-27 12:52:49,091 , client, on_bot_msg, INFO, 20, Bot: {'sender_id': 'shivam', 'message': 'bye', 'session_id': '824c7c357c514e15b0f02754b5f890ff'}, client.py, MainProcess, 877 
2019-10-27 12:53:07,613 , client, disconnect, DEBUG, 10, I'm disconnected!, client.py, MainProcess, 19398 
2019-10-27 12:53:07,614 , server, disconnect, INFO, 20, User Disconnected: 824c7c357c514e15b0f02754b5f890ff, server.py, MainProcess, 25549 
2019-10-27 12:53:50,333 , mylog, <module>, DEBUG, 10, Logging Started, /home/shiva/p/pro/SocketChat/mylog.py, MainProcess, 711 
2019-10-27 12:53:58,573 , mylog, <module>, DEBUG, 10, Logging Started, /home/shiva/p/pro/SocketChat/mylog.py, MainProcess, 820 
2019-10-27 12:53:58,573 , client, connect, DEBUG, 10, Connecting..., client.py, MainProcess, 821 
2019-10-27 12:53:58,578 , server, connect, INFO, 20, User Connected: f61068ce3a184a9e80e63c39a16a485e, server.py, MainProcess, 8956 
2019-10-27 12:53:58,578 , server, send_msg, INFO, 20, Bot : You are Connected, server.py, MainProcess, 8956 
2019-10-27 12:53:58,580 , client, on_bot_msg, INFO, 20, Bot: You are Connected, client.py, MainProcess, 828 
2019-10-27 12:53:58,582 , client, connect, DEBUG, 10, I'm connected!, client.py, MainProcess, 829 
2019-10-27 12:53:58,589 , server, on_join, INFO, 20, User joined: f61068ce3a184a9e80e63c39a16a485e, server.py, MainProcess, 8966 
2019-10-27 12:53:58,590 , server, user_uttered, DEBUG, 10, User : {'sender_id': 'shivam', 'message': 'bye', 'session_id': 'f61068ce3a184a9e80e63c39a16a485e'}, server.py, MainProcess, 8967 
2019-10-27 12:53:58,590 , server, send_msg, INFO, 20, Bot : {'sender_id': 'shivam', 'message': 'bye', 'session_id': 'f61068ce3a184a9e80e63c39a16a485e'}, server.py, MainProcess, 8968 
2019-10-27 12:53:58,590 , client, on_join, INFO, 20, f61068ce3a184a9e80e63c39a16a485e has joined, client.py, MainProcess, 838 
2019-10-27 12:53:58,631 , client, on_bot_msg, INFO, 20, Bot: {'sender_id': 'shivam', 'message': 'bye', 'session_id': 'f61068ce3a184a9e80e63c39a16a485e'}, client.py, MainProcess, 879 
2019-10-27 12:54:19,330 , client, disconnect, DEBUG, 10, I'm disconnected!, client.py, MainProcess, 21577 
2019-10-27 12:54:19,331 , server, disconnect, INFO, 20, User Disconnected: f61068ce3a184a9e80e63c39a16a485e, server.py, MainProcess, 29709 
2019-10-27 12:58:32,906 , mylog, <module>, DEBUG, 10, Logging Started, /home/shiva/p/pro/SocketChat/mylog.py, MainProcess, 1527 
2019-10-27 12:59:32,116 , server, connect, INFO, 20, User Connected: b940343f6c99404ebb0f1711c68528a6, server.py, MainProcess, 60736 
2019-10-27 12:59:32,116 , server, send_msg, INFO, 20, Bot : You are Connected, server.py, MainProcess, 60736 
2019-10-27 13:04:49,717 , server, disconnect, INFO, 20, User Disconnected: b940343f6c99404ebb0f1711c68528a6, server.py, MainProcess, 378337 
2019-10-27 13:04:52,940 , server, connect, INFO, 20, User Connected: a5c142781b5c4a159f35c64a9ee67ed1, server.py, MainProcess, 381560 
2019-10-27 13:04:52,940 , server, send_msg, INFO, 20, Bot : You are Connected, server.py, MainProcess, 381560 
2019-10-27 13:05:29,163 , mylog, <module>, DEBUG, 10, Logging Started, /home/shiva/p/pro/SocketChat/mylog.py, MainProcess, 7367 
2019-10-27 13:05:29,164 , client, connect, DEBUG, 10, Connecting..., client.py, MainProcess, 7367 
2019-10-27 13:05:29,178 , server, connect, INFO, 20, User Connected: ac253c9750be4f05aa3746733294c91e, server.py, MainProcess, 417798 
2019-10-27 13:05:29,178 , server, send_msg, INFO, 20, Bot : You are Connected, server.py, MainProcess, 417798 
2019-10-27 13:05:29,180 , client, on_bot_msg, INFO, 20, Bot: You are Connected, client.py, MainProcess, 7383 
2019-10-27 13:05:29,180 , client, connect, DEBUG, 10, I'm connected!, client.py, MainProcess, 7384 
2019-10-27 13:05:29,185 , server, user_uttered, DEBUG, 10, User : {'sender_id': 'shivam', 'message': 'bye', 'session_id': 'ac253c9750be4f05aa3746733294c91e'}, server.py, MainProcess, 417805 
2019-10-27 13:05:29,185 , server, send_msg, INFO, 20, Bot : {'sender_id': 'shivam', 'message': 'bye', 'session_id': 'ac253c9750be4f05aa3746733294c91e'}, server.py, MainProcess, 417805 
2019-10-27 13:05:29,186 , client, on_bot_msg, INFO, 20, Bot: {'sender_id': 'shivam', 'message': 'bye', 'session_id': 'ac253c9750be4f05aa3746733294c91e'}, client.py, MainProcess, 7389 
2019-10-27 13:05:29,230 , server, on_join, INFO, 20, User joined: ac253c9750be4f05aa3746733294c91e, server.py, MainProcess, 417850 
2019-10-27 13:05:29,232 , client, on_join, INFO, 20, ac253c9750be4f05aa3746733294c91e has joined, client.py, MainProcess, 7436 
2019-10-27 13:06:11,890 , server, disconnect, INFO, 20, User Disconnected: a5c142781b5c4a159f35c64a9ee67ed1, server.py, MainProcess, 460510 
2019-10-27 13:06:14,966 , server, connect, INFO, 20, User Connected: 01951a8f28eb445c9afbdc0264535eaa, server.py, MainProcess, 463586 
2019-10-27 13:06:14,966 , server, send_msg, INFO, 20, Bot : You are Connected, server.py, MainProcess, 463586 
2019-10-27 13:13:11,908 , server, disconnect, INFO, 20, User Disconnected: 01951a8f28eb445c9afbdc0264535eaa, server.py, MainProcess, 880528 
2019-10-27 13:13:24,779 , server, connect, INFO, 20, User Connected: 8ab354f599ad4b4b995bd74ca9c22d29, server.py, MainProcess, 893399 
2019-10-27 13:13:24,779 , server, send_msg, INFO, 20, Bot : You are Connected, server.py, MainProcess, 893399 
2019-10-27 13:14:10,656 , server, disconnect, INFO, 20, User Disconnected: 8ab354f599ad4b4b995bd74ca9c22d29, server.py, MainProcess, 939277 
2019-10-27 13:14:13,681 , server, connect, INFO, 20, User Connected: 80c432d8fa5b4735bc7df305c2267bd2, server.py, MainProcess, 942301 
2019-10-27 13:14:13,681 , server, send_msg, INFO, 20, Bot : You are Connected, server.py, MainProcess, 942301 
2019-10-27 13:17:07,756 , client, disconnect, DEBUG, 10, I'm disconnected!, client.py, MainProcess, 705960 
2019-10-27 13:17:07,757 , server, disconnect, INFO, 20, User Disconnected: ac253c9750be4f05aa3746733294c91e, server.py, MainProcess, 1116377 
2019-10-27 13:17:24,826 , mylog, <module>, DEBUG, 10, Logging Started, /home/shiva/p/pro/SocketChat/mylog.py, MainProcess, 13422 
2019-10-27 13:17:24,827 , client, connect, DEBUG, 10, Connecting..., client.py, MainProcess, 13423 
2019-10-27 13:17:24,852 , server, connect, INFO, 20, User Connected: 65aa43f6b0e4412580d31cdee951d40c, server.py, MainProcess, 1133472 
2019-10-27 13:17:24,852 , server, send_msg, INFO, 20, Bot : You are Connected, server.py, MainProcess, 1133472 
2019-10-27 13:17:24,857 , client, on_bot_msg, INFO, 20, Bot: You are Connected, client.py, MainProcess, 13453 
2019-10-27 13:17:24,858 , client, connect, DEBUG, 10, I'm connected!, client.py, MainProcess, 13454 
2019-10-27 13:17:24,864 , server, user_uttered, DEBUG, 10, User : {'sender_id': 'shivam', 'message': 'bye', 'session_id': '65aa43f6b0e4412580d31cdee951d40c'}, server.py, MainProcess, 1133484 
2019-10-27 13:17:24,865 , server, send_msg, INFO, 20, Bot : {'sender_id': 'shivam', 'message': 'bye', 'session_id': '65aa43f6b0e4412580d31cdee951d40c'}, server.py, MainProcess, 1133485 
2019-10-27 13:17:24,868 , client, on_bot_msg, INFO, 20, Bot: {'sender_id': 'shivam', 'message': 'bye', 'session_id': '65aa43f6b0e4412580d31cdee951d40c'}, client.py, MainProcess, 13464 
2019-10-27 13:17:24,892 , server, on_join, INFO, 20, User joined: 65aa43f6b0e4412580d31cdee951d40c, server.py, MainProcess, 1133512 
2019-10-27 13:17:24,894 , client, on_join, INFO, 20, 65aa43f6b0e4412580d31cdee951d40c has joined, client.py, MainProcess, 13490 
2019-10-27 14:00:14,776 , server, disconnect, INFO, 20, User Disconnected: 80c432d8fa5b4735bc7df305c2267bd2, server.py, MainProcess, 3703396 
2019-10-27 14:13:21,021 , client, disconnect, DEBUG, 10, I'm disconnected!, client.py, MainProcess, 3369617 
2019-10-27 14:13:21,022 , server, disconnect, INFO, 20, User Disconnected: 65aa43f6b0e4412580d31cdee951d40c, server.py, MainProcess, 4489642 
2019-10-27 14:13:40,818 , mylog, <module>, DEBUG, 10, Logging Started, /home/shiva/p/pro/SocketChat/mylog.py, MainProcess, 16463 
2019-10-27 14:13:40,819 , client, connect, DEBUG, 10, Connecting..., client.py, MainProcess, 16463 
2019-10-27 14:13:40,833 , server, connect, INFO, 20, User Connected: aa40872ae13645c7ad126c9cc30c5a11, server.py, MainProcess, 4509453 
2019-10-27 14:13:40,833 , server, send_msg, INFO, 20, Bot : You are Connected, server.py, MainProcess, 4509454 
2019-10-27 14:13:40,836 , client, on_bot_msg, INFO, 20, Bot: You are Connected, client.py, MainProcess, 16481 
2019-10-27 14:13:40,837 , client, connect, DEBUG, 10, I'm connected!, client.py, MainProcess, 16481 
2019-10-27 14:13:40,879 , server, user_uttered, DEBUG, 10, User : {'sender_id': 'shivam', 'message': 'bye', 'session_id': 'aa40872ae13645c7ad126c9cc30c5a11'}, server.py, MainProcess, 4509499 
2019-10-27 14:13:40,879 , server, send_msg, INFO, 20, Bot : {'sender_id': 'shivam', 'message': 'bye', 'session_id': 'aa40872ae13645c7ad126c9cc30c5a11'}, server.py, MainProcess, 4509499 
2019-10-27 14:13:40,881 , client, on_bot_msg, INFO, 20, Bot: {'sender_id': 'shivam', 'message': 'bye', 'session_id': 'aa40872ae13645c7ad126c9cc30c5a11'}, client.py, MainProcess, 16526 
2019-10-27 14:13:40,998 , server, on_join, INFO, 20, User joined: aa40872ae13645c7ad126c9cc30c5a11, server.py, MainProcess, 4509618 
2019-10-27 14:13:41,001 , client, on_join, INFO, 20, aa40872ae13645c7ad126c9cc30c5a11 has joined, client.py, MainProcess, 16646 
2019-10-27 14:14:12,696 , client, <module>, DEBUG, 10, User: hello, client.py, MainProcess, 48341 
2019-10-27 14:14:12,698 , server, user_uttered, DEBUG, 10, User : {'sender_id': 'shivam', 'message': 'hello', 'session_id': 'aa40872ae13645c7ad126c9cc30c5a11'}, server.py, MainProcess, 4541318 
2019-10-27 14:14:12,699 , server, send_msg, INFO, 20, Bot : {'sender_id': 'shivam', 'message': 'hello', 'session_id': 'aa40872ae13645c7ad126c9cc30c5a11'}, server.py, MainProcess, 4541319 
2019-10-27 14:14:12,700 , client, on_bot_msg, INFO, 20, Bot: {'sender_id': 'shivam', 'message': 'hello', 'session_id': 'aa40872ae13645c7ad126c9cc30c5a11'}, client.py, MainProcess, 48345 
2019-10-27 14:14:14,288 , client, <module>, DEBUG, 10, User: bye, client.py, MainProcess, 49933 
2019-10-27 14:14:14,290 , server, user_uttered, DEBUG, 10, User : {'sender_id': 'shivam', 'message': 'bye', 'session_id': 'aa40872ae13645c7ad126c9cc30c5a11'}, server.py, MainProcess, 4542910 
2019-10-27 14:14:14,290 , server, send_msg, INFO, 20, Bot : {'sender_id': 'shivam', 'message': 'bye', 'session_id': 'aa40872ae13645c7ad126c9cc30c5a11'}, server.py, MainProcess, 4542910 
2019-10-27 14:14:14,291 , client, on_bot_msg, INFO, 20, Bot: {'sender_id': 'shivam', 'message': 'bye', 'session_id': 'aa40872ae13645c7ad126c9cc30c5a11'}, client.py, MainProcess, 49936 
2019-10-27 14:14:21,204 , client, <module>, DEBUG, 10, User: Happy Diwali, client.py, MainProcess, 56849 
2019-10-27 14:14:21,206 , server, user_uttered, DEBUG, 10, User : {'sender_id': 'shivam', 'message': 'Happy Diwali', 'session_id': 'aa40872ae13645c7ad126c9cc30c5a11'}, server.py, MainProcess, 4549826 
2019-10-27 14:14:21,206 , server, send_msg, INFO, 20, Bot : {'sender_id': 'shivam', 'message': 'Happy Diwali', 'session_id': 'aa40872ae13645c7ad126c9cc30c5a11'}, server.py, MainProcess, 4549826 
2019-10-27 14:14:21,208 , client, on_bot_msg, INFO, 20, Bot: {'sender_id': 'shivam', 'message': 'Happy Diwali', 'session_id': 'aa40872ae13645c7ad126c9cc30c5a11'}, client.py, MainProcess, 56853 
2019-10-27 14:14:53,651 , server, connect, INFO, 20, User Connected: e6739f0dd6b74b34bac2918313c0b1d5, server.py, MainProcess, 4582271 
2019-10-27 14:14:53,651 , server, send_msg, INFO, 20, Bot : You are Connected, server.py, MainProcess, 4582271 
2019-10-27 14:19:38,416 , client, disconnect, DEBUG, 10, I'm disconnected!, client.py, MainProcess, 374061 
2019-10-27 14:19:38,417 , server, disconnect, INFO, 20, User Disconnected: aa40872ae13645c7ad126c9cc30c5a11, server.py, MainProcess, 4867037 
2019-10-27 14:20:40,531 , server, disconnect, INFO, 20, User Disconnected: e6739f0dd6b74b34bac2918313c0b1d5, server.py, MainProcess, 4929151 
2019-10-27 14:21:00,765 , server, connect, INFO, 20, User Connected: 4604113740ed411d98f0121725302c20, server.py, MainProcess, 4949385 
2019-10-27 14:21:00,766 , server, send_msg, INFO, 20, Bot : You are Connected, server.py, MainProcess, 4949386 
2019-10-27 14:21:46,535 , server, disconnect, INFO, 20, User Disconnected: 4604113740ed411d98f0121725302c20, server.py, MainProcess, 4995155 
2019-10-27 14:21:51,549 , server, connect, INFO, 20, User Connected: b72026f2152c4f0e937d3631306141a8, server.py, MainProcess, 5000170 
2019-10-27 14:21:51,550 , server, send_msg, INFO, 20, Bot : You are Connected, server.py, MainProcess, 5000170 
2019-10-27 14:22:56,775 , server, disconnect, INFO, 20, User Disconnected: b72026f2152c4f0e937d3631306141a8, server.py, MainProcess, 5065395 
2019-10-27 14:23:04,451 , mylog, <module>, DEBUG, 10, Logging Started, /home/shiva/p/pro/SocketChat/mylog.py, MainProcess, 3431 
2019-10-27 14:23:05,567 , server, connect, INFO, 20, User Connected: 4fe3a727a1f34ed7baaf21f1cc685605, server.py, MainProcess, 4547 
2019-10-27 14:23:05,567 , server, send_msg, INFO, 20, Bot : You are Connected, server.py, MainProcess, 4548 
2019-10-27 14:23:15,860 , server, disconnect, INFO, 20, User Disconnected: 4fe3a727a1f34ed7baaf21f1cc685605, server.py, MainProcess, 14840 
2019-10-27 14:23:19,254 , server, connect, INFO, 20, User Connected: c09f4cbfaae0489083d090eac2999a46, server.py, MainProcess, 18234 
2019-10-27 14:23:19,254 , server, send_msg, INFO, 20, Bot : You are Connected, server.py, MainProcess, 18234 
2019-10-27 14:24:05,612 , server, disconnect, INFO, 20, User Disconnected: c09f4cbfaae0489083d090eac2999a46, server.py, MainProcess, 64592 
2019-10-27 14:24:10,636 , server, connect, INFO, 20, User Connected: 154209cf513a49039a55aa3733345058, server.py, MainProcess, 69616 
2019-10-27 14:24:10,636 , server, send_msg, INFO, 20, Bot : You are Connected, server.py, MainProcess, 69616 
2019-10-27 14:24:30,346 , server, disconnect, INFO, 20, User Disconnected: 154209cf513a49039a55aa3733345058, server.py, MainProcess, 89326 
2019-10-27 14:24:35,445 , server, connect, INFO, 20, User Connected: 475fdd876f99458499c6cb11d75e9ac0, server.py, MainProcess, 94425 
2019-10-27 14:24:35,445 , server, send_msg, INFO, 20, Bot : You are Connected, server.py, MainProcess, 94426 
2019-10-27 14:24:41,003 , server, disconnect, INFO, 20, User Disconnected: 475fdd876f99458499c6cb11d75e9ac0, server.py, MainProcess, 99983 
2019-10-27 14:24:44,693 , server, connect, INFO, 20, User Connected: 0089d860e8e84ab2a06fcc6bf5cdf38a, server.py, MainProcess, 103673 
2019-10-27 14:24:44,695 , server, send_msg, INFO, 20, Bot : You are Connected, server.py, MainProcess, 103675 
2019-10-27 14:25:47,540 , server, disconnect, INFO, 20, User Disconnected: 0089d860e8e84ab2a06fcc6bf5cdf38a, server.py, MainProcess, 166521 
2019-10-27 14:25:53,911 , mylog, <module>, DEBUG, 10, Logging Started, /home/shiva/p/pro/SocketChat/mylog.py, MainProcess, 2777 
2019-10-27 14:25:54,323 , server, connect, INFO, 20, User Connected: 87afa5fdc87649459ceb38f9b06c9e46, server.py, MainProcess, 3189 
2019-10-27 14:25:54,324 , server, send_msg, INFO, 20, Bot : You are Connected, server.py, MainProcess, 3189 
2019-10-27 14:26:05,343 , server, disconnect, INFO, 20, User Disconnected: 87afa5fdc87649459ceb38f9b06c9e46, server.py, MainProcess, 14208 
2019-10-27 14:26:08,501 , server, connect, INFO, 20, User Connected: 5eb773f2325b46779e40b5e6b0d3338e, server.py, MainProcess, 17366 
2019-10-27 14:26:08,501 , server, send_msg, INFO, 20, Bot : You are Connected, server.py, MainProcess, 17367 
2019-10-27 14:31:33,504 , server, disconnect, INFO, 20, User Disconnected: 5eb773f2325b46779e40b5e6b0d3338e, server.py, MainProcess, 342370 
2019-10-27 14:31:41,292 , mylog, <module>, DEBUG, 10, Logging Started, /home/shiva/p/pro/SocketChat/mylog.py, MainProcess, 5146 
2019-10-27 14:31:42,785 , server, connect, INFO, 20, User Connected: c691376c3ac249c8abd839b29771c214, server.py, MainProcess, 6639 
2019-10-27 14:31:42,785 , server, send_msg, INFO, 20, Bot : You are Connected, server.py, MainProcess, 6640 
2019-10-27 14:31:43,481 , server, disconnect, INFO, 20, User Disconnected: c691376c3ac249c8abd839b29771c214, server.py, MainProcess, 7336 
2019-10-27 14:31:46,821 , server, connect, INFO, 20, User Connected: ed4dc3bf650742a1b9d27b1fb358362f, server.py, MainProcess, 10676 
2019-10-27 14:31:46,822 , server, send_msg, INFO, 20, Bot : You are Connected, server.py, MainProcess, 10676 
2019-10-27 14:32:42,816 , server, disconnect, INFO, 20, User Disconnected: ed4dc3bf650742a1b9d27b1fb358362f, server.py, MainProcess, 66670 
2019-10-27 14:32:43,946 , server, connect, INFO, 20, User Connected: 67a494f7afd04a03b4c5be195d9795a3, server.py, MainProcess, 67800 
2019-10-27 14:32:43,949 , server, send_msg, INFO, 20, Bot : You are Connected, server.py, MainProcess, 67804 
2019-10-27 14:35:25,114 , server, disconnect, INFO, 20, User Disconnected: 67a494f7afd04a03b4c5be195d9795a3, server.py, MainProcess, 228969 
2019-10-27 14:40:56,306 , server, connect, INFO, 20, User Connected: b097cb58851344ef84e852f2a648f1cd, server.py, MainProcess, 560161 
2019-10-27 14:40:56,308 , server, send_msg, INFO, 20, Bot : You are Connected, server.py, MainProcess, 560162 
2019-10-27 14:41:43,112 , server, disconnect, INFO, 20, User Disconnected: b097cb58851344ef84e852f2a648f1cd, server.py, MainProcess, 606966 
2019-10-27 14:41:44,637 , server, connect, INFO, 20, User Connected: e7b28e31a758498f99174b4ca834e15c, server.py, MainProcess, 608491 
2019-10-27 14:41:44,637 , server, send_msg, INFO, 20, Bot : You are Connected, server.py, MainProcess, 608492 
2019-10-27 14:41:50,923 , server, disconnect, INFO, 20, User Disconnected: e7b28e31a758498f99174b4ca834e15c, server.py, MainProcess, 614777 
2019-10-27 14:41:54,277 , server, connect, INFO, 20, User Connected: 5aa1fe42c2fe453f8967708616da432f, server.py, MainProcess, 618131 
2019-10-27 14:41:54,277 , server, send_msg, INFO, 20, Bot : You are Connected, server.py, MainProcess, 618132 
2019-10-27 14:42:30,212 , server, disconnect, INFO, 20, User Disconnected: 5aa1fe42c2fe453f8967708616da432f, server.py, MainProcess, 654067 
2019-10-27 14:42:34,295 , server, connect, INFO, 20, User Connected: 323e94fb249f4a24b01a0d9da7fb3838, server.py, MainProcess, 658150 
2019-10-27 14:42:34,295 , server, send_msg, INFO, 20, Bot : You are Connected, server.py, MainProcess, 658150 
2019-10-27 14:54:25,512 , server, disconnect, INFO, 20, User Disconnected: 323e94fb249f4a24b01a0d9da7fb3838, server.py, MainProcess, 1369367 
2019-10-27 14:54:29,004 , server, connect, INFO, 20, User Connected: e9120d7e768d45d6a1b185a217cb21b3, server.py, MainProcess, 1372858 
2019-10-27 14:54:29,004 , server, send_msg, INFO, 20, Bot : You are Connected, server.py, MainProcess, 1372859 
2019-10-27 14:55:20,365 , server, disconnect, INFO, 20, User Disconnected: e9120d7e768d45d6a1b185a217cb21b3, server.py, MainProcess, 1424219 
2019-10-27 14:55:38,812 , mylog, <module>, DEBUG, 10, Logging Started, /home/shiva/p/pro/SocketChat/mylog.py, MainProcess, 11826 
2019-10-27 14:55:43,371 , server, connect, INFO, 20, User Connected: 2381a8ea6dca42c1855eaecd7a69641c, server.py, MainProcess, 16385 
2019-10-27 14:55:43,371 , server, send_msg, INFO, 20, Bot : You are Connected, server.py, MainProcess, 16385 
2019-10-27 14:55:43,392 , server, on_join, INFO, 20, User joined: 2381a8ea6dca42c1855eaecd7a69641c, server.py, MainProcess, 16407 
2019-10-27 14:55:52,202 , server, on_join, INFO, 20, User joined: 2381a8ea6dca42c1855eaecd7a69641c, server.py, MainProcess, 25216 
2019-10-27 14:57:17,372 , server, disconnect, INFO, 20, User Disconnected: 2381a8ea6dca42c1855eaecd7a69641c, server.py, MainProcess, 110386 
2019-10-27 14:57:20,904 , server, connect, INFO, 20, User Connected: ef4745a079e24bf1a2799003cc2af13e, server.py, MainProcess, 113919 
2019-10-27 14:57:20,905 , server, send_msg, INFO, 20, Bot : You are Connected, server.py, MainProcess, 113919 
2019-10-27 14:57:20,959 , server, on_join, INFO, 20, User joined: ef4745a079e24bf1a2799003cc2af13e, server.py, MainProcess, 113973 
2019-10-27 14:57:27,732 , server, user_uttered, DEBUG, 10, User : Hellox, server.py, MainProcess, 120746 
2019-10-27 14:57:27,733 , server, send_msg, INFO, 20, Bot : Hellox, server.py, MainProcess, 120747 
2019-10-27 14:57:32,209 , server, user_uttered, DEBUG, 10, User : Helloxfgdfgdsfdsfsdf, server.py, MainProcess, 125224 
2019-10-27 14:57:32,211 , server, send_msg, INFO, 20, Bot : Helloxfgdfgdsfdsfsdf, server.py, MainProcess, 125226 
2019-10-27 14:57:42,944 , server, disconnect, INFO, 20, User Disconnected: ef4745a079e24bf1a2799003cc2af13e, server.py, MainProcess, 135958 
2019-10-27 14:58:46,455 , server, connect, INFO, 20, User Connected: ba7a02112b0a4ae7a00db810581bfffc, server.py, MainProcess, 199470 
2019-10-27 14:58:46,470 , server, send_msg, INFO, 20, Bot : You are Connected, server.py, MainProcess, 199484 
2019-10-27 14:58:46,503 , server, on_join, INFO, 20, User joined: ba7a02112b0a4ae7a00db810581bfffc, server.py, MainProcess, 199517 
2019-10-27 14:59:43,443 , server, disconnect, INFO, 20, User Disconnected: ba7a02112b0a4ae7a00db810581bfffc, server.py, MainProcess, 256457 
2019-10-27 14:59:43,457 , server, user_uttered, DEBUG, 10, User : hello, server.py, MainProcess, 256471 
2019-10-27 14:59:43,457 , server, send_msg, INFO, 20, Bot : hello, server.py, MainProcess, 256472 
2019-10-27 14:59:43,458 , server, user_uttered, DEBUG, 10, User : hello, server.py, MainProcess, 256473 
2019-10-27 14:59:43,459 , server, send_msg, INFO, 20, Bot : hello, server.py, MainProcess, 256473 
2019-10-27 14:59:43,459 , server, user_uttered, DEBUG, 10, User : hellosdfsdfsdfsdfdsf, server.py, MainProcess, 256473 
2019-10-27 14:59:43,459 , server, send_msg, INFO, 20, Bot : hellosdfsdfsdfsdfdsf, server.py, MainProcess, 256474 
2019-10-27 14:59:48,473 , server, connect, INFO, 20, User Connected: bc1675e632e74b139bd7ce9a6d4db913, server.py, MainProcess, 261487 
2019-10-27 14:59:48,473 , server, send_msg, INFO, 20, Bot : You are Connected, server.py, MainProcess, 261488 
2019-10-27 14:59:52,393 , server, disconnect, INFO, 20, User Disconnected: bc1675e632e74b139bd7ce9a6d4db913, server.py, MainProcess, 265407 
2019-10-27 14:59:57,911 , server, connect, INFO, 20, User Connected: 55123209646f40179b18ef01555fd9e1, server.py, MainProcess, 270925 
2019-10-27 14:59:57,911 , server, send_msg, INFO, 20, Bot : You are Connected, server.py, MainProcess, 270925 
2019-10-27 14:59:57,952 , server, on_join, INFO, 20, User joined: 55123209646f40179b18ef01555fd9e1, server.py, MainProcess, 270967 
2019-10-27 15:00:06,796 , server, user_uttered, DEBUG, 10, User : fdsgdfhsdfsdfdsf cvbfgbfg, server.py, MainProcess, 279810 
2019-10-27 15:00:06,801 , server, send_msg, INFO, 20, Bot : fdsgdfhsdfsdfdsf cvbfgbfg, server.py, MainProcess, 279815 
2019-10-27 15:00:52,281 , server, disconnect, INFO, 20, User Disconnected: 55123209646f40179b18ef01555fd9e1, server.py, MainProcess, 325295 
2019-10-27 15:00:59,739 , mylog, <module>, DEBUG, 10, Logging Started, /home/shiva/p/pro/SocketChat/mylog.py, MainProcess, 3417 
2019-10-27 15:01:00,210 , server, connect, INFO, 20, User Connected: ace39acf576c40eaadda7753884f38b5, server.py, MainProcess, 3888 
2019-10-27 15:01:00,210 , server, send_msg, INFO, 20, Bot : You are Connected, server.py, MainProcess, 3888 
2019-10-27 15:01:04,403 , server, disconnect, INFO, 20, User Disconnected: ace39acf576c40eaadda7753884f38b5, server.py, MainProcess, 8081 
2019-10-27 15:01:07,982 , server, connect, INFO, 20, User Connected: 54a5822eae684f8fa5ea92bfd1e5dc48, server.py, MainProcess, 11660 
2019-10-27 15:01:07,983 , server, send_msg, INFO, 20, Bot : You are Connected, server.py, MainProcess, 11660 
2019-10-27 15:01:08,033 , server, on_join, INFO, 20, User joined: 54a5822eae684f8fa5ea92bfd1e5dc48, server.py, MainProcess, 11710 
2019-10-27 15:01:18,798 , server, user_uttered, DEBUG, 10, User : hello, server.py, MainProcess, 22475 
2019-10-27 15:01:18,802 , server, send_msg, INFO, 20, Bot : HELLO, server.py, MainProcess, 22479 
2019-10-27 15:01:23,249 , server, user_uttered, DEBUG, 10, User : hellowffsdgsfhdg fasdsdf, server.py, MainProcess, 26926 
2019-10-27 15:01:23,250 , server, send_msg, INFO, 20, Bot : HELLOWFFSDGSFHDG FASDSDF, server.py, MainProcess, 26927 
2019-10-27 15:02:10,085 , server, disconnect, INFO, 20, User Disconnected: 54a5822eae684f8fa5ea92bfd1e5dc48, server.py, MainProcess, 73763 
